question,answer
"What is Dinosaur - Wikipedia?","Answer for Dinosaur - Wikipedia"
"What is 
Jump to content
Fro?","Answer for 
Jump to content
Fro"
"What is m Wikipedia, the fre?","Answer for m Wikipedia, the fre"
"What is e encyclopedia
The p?","Answer for e encyclopedia
The p"
"What is rintable version is ?","Answer for rintable version is "
"What is heights of 18 m (59 ?","Answer for heights of 18 m (59 "
"What is ft) and were the lar?","Answer for ft) and were the lar"
"What is gest land animals of?","Answer for gest land animals of"
"What is  all time. The misco?","Answer for  all time. The misco"
"What is nception that non-av?","Answer for nception that non-av"
"What is , except
Dimetrodon
?","Answer for , except
Dimetrodon
"
"What is (which is a
synapsid?","Answer for (which is a
synapsid"
"What is 
). None of them had?","Answer for 
). None of them had"
"What is  the erect hind limb?","Answer for  the erect hind limb"
"What is  posture characteris?","Answer for  posture characteris"
"What is  of the skull) do no?","Answer for  of the skull) do no"
"What is t meet along the mid?","Answer for t meet along the mid"
"What is line on the floor of?","Answer for line on the floor of"
"What is  the endocranial cav?","Answer for  the endocranial cav"
"What is ity, the inner space?","Answer for ity, the inner space"
"What is a
gazetteer
compiled?","Answer for a
gazetteer
compiled"
"What is  by
Chang Qu
(
常璩
) ?","Answer for  by
Chang Qu
(
常璩
) "
"What is during the
Western J?","Answer for during the
Western J"
"What is in Dynasty
(265–316)?","Answer for in Dynasty
(265–316)"
"What is , reported the disco?","Answer for , reported the disco"
"What is North America
Edward?","Answer for North America
Edward"
"What is  Drinker Cope
Othnie?","Answer for  Drinker Cope
Othnie"
"What is l Charles Marsh
In 1?","Answer for l Charles Marsh
In 1"
"What is 858,
William Parker ?","Answer for 858,
William Parker "
"What is Foulke
discovered th?","Answer for Foulke
discovered th"
"What is complete theropod sp?","Answer for complete theropod sp"
"What is ecimens,
[
67
]
whil?","Answer for ecimens,
[
67
]
whil"
"What is e North American loc?","Answer for e North American loc"
"What is alities have produce?","Answer for alities have produce"
"What is d the most complete ?","Answer for d the most complete "
"What is ported in
Scipionyx
?","Answer for ported in
Scipionyx
"
"What is from the
Pietraroja ?","Answer for from the
Pietraroja "
"What is Plattenkalk
of Italy?","Answer for Plattenkalk
of Italy"
"What is . It preserves porti?","Answer for . It preserves porti"
"What is ons of the intestine?","Answer for ons of the intestine"
"What is  from the
Upper Male?","Answer for  from the
Upper Male"
"What is ri
and
Lower Maleri ?","Answer for ri
and
Lower Maleri "
"What is Formations
of India.?","Answer for Formations
of India."
"What is 
[
113
]
The Carnian?","Answer for 
[
113
]
The Carnian"
"What is -aged
Chañares Forma?","Answer for -aged
Chañares Forma"
